Plane ID,Plan 1 Fuel Consumption,Plan 2 Fuel Consumption
52,6902,6646
47,399040,385322
18,2090,2010
10,6918,6658
41,226866,217945
44,223044,215378
22,15671,15182
32,2054,1974
28,186815,179620
6,7125,6867
65,290805,280759
45,11022,10677
26,7387,7180
50,284,276
71,819,789
55,4706,4537
7,108611,104706
51,33861,32567
15,344933,331469
61,94979,92092
11,93453,89598
12,61284,59016
8,106646,102749
4,462679,446775
38,12724,12335
3,115263,111236
9,402638,389425
36,3749,3652
31,2751,2645
43,346884,333857
